{
  "a": 1.4473822965050784,
  "b": 0.11225660148349709,
  "group_offsets": {
    "acled": 0.2246386015566915,
    "dbnomics": 0.7181892896094726,
    "fred": 0.1751824059997231,
    "infer": -0.2671712283207373,
    "manifold": 0.04757950039985555,
    "metaculus": -0.2327888867801843,
    "polymarket": -0.016139932733056885,
    "wikipedia": -0.3557042073763181,
    "yfinance": -0.29494808864767696
  },
  "lambda": 1.0,
  "n": 791,
  "groups": [
    "acled",
    "dbnomics",
    "fred",
    "infer",
    "manifold",
    "metaculus",
    "polymarket",
    "wikipedia",
    "yfinance"
  ]
}