{
  "a": 1.5170548686816896,
  "b": 0.3372284582946372,
  "n": 400
}