{"config":"pro-high-none-c1-t0-halawi","ntrials":5,"n_questions":400,"trial_scores":{"1":{"brier-score":0.1489883230128619,"metaculus-score":36.13661733625152,"n":400},"2":{"brier-score":0.14916752,"metaculus-score":37.48222569681253,"n":400},"3":{"brier-score":0.14637414625,"metaculus-score":38.53726306662969,"n":400},"4":{"brier-score":0.14305809249999998,"metaculus-score":39.845804248403304,"n":400},"5":{"brier-score":0.145387959375,"metaculus-score":38.368970749205275,"n":400}}}