{"config":"flash-high-brave-c0-t0","ntrials":5,"n_questions":113,"trial_scores":{"1":{"brier-score":0.18924690265486724,"metaculus-score":14.278068407745574,"n":113},"2":{"brier-score":0.19997433628318584,"metaculus-score":11.15663284853768,"n":113},"3":{"brier-score":0.23052743362831857,"metaculus-score":2.1316178411762055,"n":113},"4":{"brier-score":0.1854646017699115,"metaculus-score":17.351068532292185,"n":113},"5":{"brier-score":0.20480530973451327,"metaculus-score":9.34124560097762,"n":113}}}