{"config":"pro-high-brave-c0-t1-fredv2","ntrials":5,"n_questions":40,"trial_scores":{"1":{"brier-score":0.22455750000000002,"metaculus-score":7.46763354683539,"n":40},"2":{"brier-score":0.24747,"metaculus-score":-2.8421786994305354,"n":40},"3":{"brier-score":0.23501249999999999,"metaculus-score":3.4071141341898694,"n":40},"4":{"brier-score":0.21657500000000002,"metaculus-score":9.799410021341178,"n":40},"5":{"brier-score":0.2215875,"metaculus-score":8.228403039195767,"n":40}}}