{"config":"pro-high-brave-c1-t1-nobelief","ntrials":5,"n_questions":99,"trial_scores":{"1":{"brier-score":0.23294848484848485,"metaculus-score":6.496013125892049,"n":99},"2":{"brier-score":0.19595858585858586,"metaculus-score":19.969988365531783,"n":99},"3":{"brier-score":0.1636040404040404,"metaculus-score":32.49543317689728,"n":99},"4":{"brier-score":0.11431919191919193,"metaculus-score":48.59186327070145,"n":99},"5":{"brier-score":0.10564747474747474,"metaculus-score":52.122010769662346,"n":99}}}