{"config":"pro-high-brave-c0-t0-clairvoyant","ntrials":5,"n_questions":113,"trial_scores":{"1":{"brier-score":0.08382300884955751,"metaculus-score":55.27884704938181,"n":113},"2":{"brier-score":0.06813982300884956,"metaculus-score":63.99964106354453,"n":113},"3":{"brier-score":0.07460973451327434,"metaculus-score":59.44863602185117,"n":113},"4":{"brier-score":0.0815212389380531,"metaculus-score":59.979278672427924,"n":113},"5":{"brier-score":0.07487964601769911,"metaculus-score":61.162713609951716,"n":113}}}