{"config":"pro-high-none-c0-t0-halawi","ntrials":5,"n_questions":400,"trial_scores":{"1":{"brier-score":0.17477018749999998,"metaculus-score":25.651151347849808,"n":400},"2":{"brier-score":0.1681156975,"metaculus-score":30.146393323407857,"n":400},"3":{"brier-score":0.1755340975,"metaculus-score":26.186157031585644,"n":400},"4":{"brier-score":0.18426855,"metaculus-score":20.10769145892148,"n":400},"5":{"brier-score":0.17982602,"metaculus-score":24.64426098141208,"n":400}}}