{"config":"pro-high-none-c0-t0","ntrials":5,"n_questions":101,"trial_scores":{"1":{"brier-score":0.14808613861386138,"metaculus-score":38.127413947024706,"n":101},"2":{"brier-score":0.14626138613861386,"metaculus-score":36.45454392638427,"n":101},"3":{"brier-score":0.15104059405940595,"metaculus-score":36.70751922087129,"n":101},"4":{"brier-score":0.14666237623762376,"metaculus-score":37.745202185811934,"n":101},"5":{"brier-score":0.15505445544554455,"metaculus-score":33.047342178203515,"n":101}}}