{"config":"pro-high-brave-c1-t1","ntrials":5,"n_questions":200,"trial_scores":{"1":{"brier-score":0.13481586283640973,"metaculus-score":40.859201556923864,"n":199},"2":{"brier-score":0.14170687852222769,"metaculus-score":39.18950957125694,"n":200},"3":{"brier-score":0.13475325352222767,"metaculus-score":41.55085070147834,"n":200},"4":{"brier-score":0.14301775352222768,"metaculus-score":38.2316973491131,"n":200},"5":{"brier-score":0.13809400352222767,"metaculus-score":39.92949055960861,"n":200}}}