{"config":"pro-high-none-c0-t1","ntrials":5,"n_questions":101,"trial_scores":{"1":{"brier-score":0.12194664185197712,"metaculus-score":45.45148361128435,"n":101},"2":{"brier-score":0.10828229531732367,"metaculus-score":50.462596183304846,"n":101},"3":{"brier-score":0.11265530521831375,"metaculus-score":48.00800961893812,"n":101},"4":{"brier-score":0.11578426561435336,"metaculus-score":47.069086344940246,"n":101},"5":{"brier-score":0.11840084977276921,"metaculus-score":45.58883598563626,"n":101}}}