{"config":"pro-high-brave-c0-t0-nobelief","ntrials":5,"n_questions":113,"trial_scores":{"1":{"brier-score":0.16748938053097345,"metaculus-score":24.877460229750422,"n":113},"2":{"brier-score":0.18289026548672566,"metaculus-score":19.30129233187562,"n":113},"3":{"brier-score":0.1861212389380531,"metaculus-score":15.923042851835381,"n":113},"4":{"brier-score":0.16951592920353983,"metaculus-score":24.21618933317495,"n":113},"5":{"brier-score":0.158458407079646,"metaculus-score":28.29703381055094,"n":113}}}