{"config":"flash-high-brave-c0-t1","ntrials":5,"n_questions":101,"trial_scores":{"1":{"brier-score":0.12951273096088803,"metaculus-score":41.42763735838769,"n":101},"2":{"brier-score":0.1103909487826702,"metaculus-score":46.4843342226894,"n":101},"3":{"brier-score":0.1361968893767296,"metaculus-score":37.04668591588433,"n":101},"4":{"brier-score":0.13960679036682863,"metaculus-score":37.278708529685204,"n":101},"5":{"brier-score":0.12485332502029395,"metaculus-score":42.73522508642997,"n":101}}}