{"config":"pro-high-brave-c1-p1-t1","ntrials":5,"n_questions":400,"trial_scores":{"1":{"brier-score":0.07988270426111384,"metaculus-score":62.7552936624092,"n":400},"2":{"brier-score":0.08247516176111384,"metaculus-score":62.15480804682437,"n":400},"3":{"brier-score":0.08445718926111384,"metaculus-score":61.59422544702823,"n":400},"4":{"brier-score":0.08554918926111384,"metaculus-score":60.81896169307921,"n":400},"5":{"brier-score":0.08629393926111384,"metaculus-score":59.86066911189745,"n":400}}}