{"config":"kimi-k2t-high-brave-c0-t1","ntrials":5,"n_questions":101,"trial_scores":{"1":{"brier-score":0.14937015670346226,"metaculus-score":33.01877360838673,"n":101},"2":{"brier-score":0.13136421610940285,"metaculus-score":37.922475638611814,"n":101},"3":{"brier-score":0.1323030774955415,"metaculus-score":37.68279810761242,"n":101},"4":{"brier-score":0.11842510719851178,"metaculus-score":44.62954521500622,"n":101},"5":{"brier-score":0.1371109982876207,"metaculus-score":37.09156823317831,"n":101}}}