{"config":"pro-high-brave-c1-t1-batch5","ntrials":5,"n_questions":99,"trial_scores":{"1":{"brier-score":0.16850707070707072,"metaculus-score":28.95174641067407,"n":99},"2":{"brier-score":0.14727979797979798,"metaculus-score":36.50867427036234,"n":99},"3":{"brier-score":0.14726666666666666,"metaculus-score":36.553618025819084,"n":99},"4":{"brier-score":0.14524747474747474,"metaculus-score":37.37250089255486,"n":99},"5":{"brier-score":0.1447,"metaculus-score":37.638813951881815,"n":99}}}