{"config":"pro-high-brave-c0-t0","ntrials":5,"n_questions":40,"trial_scores":{"1":{"brier-score":0.2511075,"metaculus-score":-0.6688379213820854,"n":40},"2":{"brier-score":0.2892975,"metaculus-score":-15.512604857394425,"n":40},"3":{"brier-score":0.26738249999999997,"metaculus-score":-11.401618776695097,"n":40},"4":{"brier-score":0.23312500000000003,"metaculus-score":0.5607444374163346,"n":40},"5":{"brier-score":0.23824750000000003,"metaculus-score":3.615336194966362,"n":40}}}