{"config":"pro-default-brave-c0-t0","ntrials":5,"n_questions":113,"trial_scores":{"1":{"brier-score":0.16144159292035398,"metaculus-score":28.65304680384834,"n":113},"2":{"brier-score":0.16901238938053095,"metaculus-score":23.150408233126164,"n":113},"3":{"brier-score":0.1695,"metaculus-score":20.90296988451378,"n":113},"4":{"brier-score":0.19089646017699116,"metaculus-score":13.133407236695039,"n":113},"5":{"brier-score":0.160687610619469,"metaculus-score":25.558493825450117,"n":113}}}