{"config":"pro-high-brave-c0-t1-nobelief","ntrials":5,"n_questions":101,"trial_scores":{"1":{"brier-score":0.18060580026781872,"metaculus-score":23.781831225139946,"n":101},"2":{"brier-score":0.11967411709950188,"metaculus-score":44.864535554634,"n":101},"3":{"brier-score":0.11355035472326426,"metaculus-score":47.13778088576469,"n":101},"4":{"brier-score":0.11364837452524446,"metaculus-score":45.97365195267669,"n":101},"5":{"brier-score":0.1342077804658385,"metaculus-score":36.172948046044986,"n":101}}}