{"config":"kimi-k2t-high-brave-c1-t1","ntrials":5,"n_questions":99,"trial_scores":{"1":{"brier-score":0.1832030303030303,"metaculus-score":23.423115631056355,"n":99},"2":{"brier-score":0.14686262626262628,"metaculus-score":36.43222812917699,"n":99},"3":{"brier-score":0.15510909090909092,"metaculus-score":33.511464274989336,"n":99},"4":{"brier-score":0.17755075757575758,"metaculus-score":23.21224110009901,"n":99},"5":{"brier-score":0.15893055555555557,"metaculus-score":32.40065336915689,"n":99}}}