{"config":"pro-high-brave-c1-t1-clairvoyant","ntrials":5,"n_questions":101,"trial_scores":{"1":{"brier-score":0.11322379559829814,"metaculus-score":49.86023423443779,"n":101},"2":{"brier-score":0.07339211242998131,"metaculus-score":63.422058763187934,"n":101},"3":{"brier-score":0.07793666688542686,"metaculus-score":61.178359290565886,"n":101},"4":{"brier-score":0.07657726094483279,"metaculus-score":59.589337700406176,"n":101},"5":{"brier-score":0.08225646886562486,"metaculus-score":60.439363273564894,"n":101}}}