{"config":"flash-high-brave-c1-t1","ntrials":5,"n_questions":99,"trial_scores":{"1":{"brier-score":0.12661616161616163,"metaculus-score":45.56071138762741,"n":99},"2":{"brier-score":0.12388383838383839,"metaculus-score":46.60668857100522,"n":99},"3":{"brier-score":0.12516363636363637,"metaculus-score":47.02786186547598,"n":99},"4":{"brier-score":0.13457575757575757,"metaculus-score":43.08993442390495,"n":99},"5":{"brier-score":0.10868181818181818,"metaculus-score":52.49683492635232,"n":99}}}