{"config":"pro-high-brave-c0-t0-batch5","ntrials":5,"n_questions":113,"trial_scores":{"1":{"brier-score":0.1745929203539823,"metaculus-score":24.05666877877947,"n":113},"2":{"brier-score":0.16823097345132745,"metaculus-score":25.01119721843289,"n":113},"3":{"brier-score":0.17626725663716813,"metaculus-score":19.67918899520525,"n":113},"4":{"brier-score":0.1916716814159292,"metaculus-score":15.833113695435992,"n":113},"5":{"brier-score":0.19582035398230088,"metaculus-score":13.02493656526043,"n":113}}}