{
  "a": 2.7981319026478366,
  "b": 0.4582987386824849,
  "n": 69
}