{"config":"pro-default-brave-c0-t1","ntrials":5,"n_questions":101,"trial_scores":{"1":{"brier-score":0.1099909487826702,"metaculus-score":47.724564652133225,"n":101},"2":{"brier-score":0.11206916660445236,"metaculus-score":46.239284714079716,"n":101},"3":{"brier-score":0.0954939190796999,"metaculus-score":54.41781303002493,"n":101},"4":{"brier-score":0.11311768145593751,"metaculus-score":46.90573532344272,"n":101},"5":{"brier-score":0.09884244383217514,"metaculus-score":53.64226485651189,"n":101}}}