{"config":"kimi-k2t-high-brave-c0-t0","ntrials":5,"n_questions":113,"trial_scores":{"1":{"brier-score":0.1929796460176991,"metaculus-score":18.749702041615006,"n":113},"2":{"brier-score":0.17219314159292035,"metaculus-score":24.82153126207085,"n":113},"3":{"brier-score":0.18822477876106194,"metaculus-score":18.77319395387461,"n":113},"4":{"brier-score":0.1628942477876106,"metaculus-score":28.380806492649512,"n":113},"5":{"brier-score":0.16486592920353985,"metaculus-score":26.820616709291297,"n":113}}}