{"config":"pro-high-none-c1-t0","ntrials":5,"n_questions":200,"trial_scores":{"1":{"brier-score":0.19750476000000003,"metaculus-score":21.427657874422497,"n":200},"2":{"brier-score":0.19109750000000003,"metaculus-score":24.2106763654005,"n":200},"3":{"brier-score":0.19252750000000002,"metaculus-score":23.913843369379016,"n":200},"4":{"brier-score":0.18695088,"metaculus-score":25.512015587730765,"n":200},"5":{"brier-score":0.19543668,"metaculus-score":22.584390140100272,"n":200}}}