{"config":"pro-high-brave-c1-t0","ntrials":5,"n_questions":99,"trial_scores":{"1":{"brier-score":0.1311191919191919,"metaculus-score":44.361989159636316,"n":99},"2":{"brier-score":0.1391030303030303,"metaculus-score":42.34291753365756,"n":99},"3":{"brier-score":0.14079292929292928,"metaculus-score":41.174818759091394,"n":99},"4":{"brier-score":0.12938080808080807,"metaculus-score":46.25067863300905,"n":99},"5":{"brier-score":0.12973434343434342,"metaculus-score":45.418564455884834,"n":99}}}