{"config":"pro-high-none-c1-t1","ntrials":5,"n_questions":99,"trial_scores":{"1":{"brier-score":0.10440126262626263,"metaculus-score":53.133181511737156,"n":99},"2":{"brier-score":0.10035757575757577,"metaculus-score":54.71274711629417,"n":99},"3":{"brier-score":0.10585656565656566,"metaculus-score":52.51386804388992,"n":99},"4":{"brier-score":0.10192768686868686,"metaculus-score":53.315004857151386,"n":99},"5":{"brier-score":0.10336767676767676,"metaculus-score":52.704625573452375,"n":99}}}