{"config":"pro-high-brave-c0-t1","ntrials":5,"n_questions":40,"trial_scores":{"1":{"brier-score":0.21636249999999996,"metaculus-score":10.679425296956406,"n":40},"2":{"brier-score":0.2731025,"metaculus-score":-8.999296669224652,"n":40},"3":{"brier-score":0.239745,"metaculus-score":2.351093245521249,"n":40},"4":{"brier-score":0.23024999999999998,"metaculus-score":3.387905589253665,"n":40},"5":{"brier-score":0.23459750000000001,"metaculus-score":1.8228750268733585,"n":40}}}