{"config":"pro-default-brave-c1-t1","ntrials":5,"n_questions":99,"trial_scores":{"1":{"brier-score":0.1203131313131313,"metaculus-score":47.15994077438683,"n":99},"2":{"brier-score":0.1158969696969697,"metaculus-score":49.60062293015129,"n":99},"3":{"brier-score":0.1085979797979798,"metaculus-score":51.75521595601399,"n":99},"4":{"brier-score":0.10907070707070707,"metaculus-score":50.17901804909929,"n":99},"5":{"brier-score":0.10346464646464647,"metaculus-score":55.00493335976084,"n":99}}}