{"config":"pro-high-none-c0-t0-prior","ntrials":5,"n_questions":200,"trial_scores":{"1":{"brier-score":0.17558700000000002,"metaculus-score":28.822614598013416,"n":200},"2":{"brier-score":0.17558700000000002,"metaculus-score":28.822614598013416,"n":200},"3":{"brier-score":0.17558700000000002,"metaculus-score":28.822614598013416,"n":200},"4":{"brier-score":0.17558700000000002,"metaculus-score":28.822614598013416,"n":200},"5":{"brier-score":0.17558700000000002,"metaculus-score":28.822614598013416,"n":200}}}