{"config":"pro-high-brave-c0-t1-batch5","ntrials":5,"n_questions":101,"trial_scores":{"1":{"brier-score":0.15204540422821475,"metaculus-score":35.23533665550578,"n":101},"2":{"brier-score":0.1528998596737593,"metaculus-score":33.07116765984722,"n":101},"3":{"brier-score":0.1700850081886108,"metaculus-score":27.378055782063193,"n":101},"4":{"brier-score":0.17383649333712564,"metaculus-score":24.828858558243706,"n":101},"5":{"brier-score":0.1483780774955415,"metaculus-score":36.11669432516788,"n":101}}}