{"config":"pro-high-none-c1-t0-halawi","ntrials":5,"n_questions":400,"trial_scores":{"1":{"brier-score":0.146105520909,"metaculus-score":39.5328526560199,"n":400},"2":{"brier-score":0.14295778623793337,"metaculus-score":39.54592035428351,"n":400},"3":{"brier-score":0.14810783989962512,"metaculus-score":37.637355941887634,"n":400},"4":{"brier-score":0.1422320774,"metaculus-score":40.28848522245049,"n":400},"5":{"brier-score":0.14097889754962512,"metaculus-score":41.53725421116415,"n":400}}}